<?xml version="1.0" encoding="UTF-8"?>
<Configuration status="WARN">
    <Appenders>
        <RollingFile name="RollingFileAppender" fileName="logs/Timer.log"
                     filePattern="logs/Timer-%d{yyyy-MM-dd}-%i.log">
            <PatternLayout pattern="%d{yyyy-MM-dd HH:mm:ss} %-5p %c{1}:%L - %m%n" />
            <Policies>
                <SizeBasedTriggeringPolicy size="1 MB" />
            </Policies>
            <DefaultRolloverStrategy max="10" />
        </RollingFile>
    </Appenders>
    <Loggers>
        <Root level="debug">
            <AppenderRef ref="RollingFileAppender" />
        </Root>
    </Loggers>
</Configuration>
